<?xml version="1.0" encoding="UTF-8"?>
<project-private xmlns="http://www.netbeans.org/ns/project-private/1">
    <editor-bookmarks xmlns="http://www.netbeans.org/ns/editor-bookmarks/2" lastBookmarkId="1">
        <file>
            <url>src/staffuniv/firstsclog.java</url>
            <bookmark id="1">
                <name/>
                <line>0</line>
                <key/>
            </bookmark>
        </file>
    </editor-bookmarks>
    <open-files xmlns="http://www.netbeans.org/ns/projectui-open-files/2">
        <group>
            <file>file:/C:/Users/Happy/Documents/NetBeansProjects/staffuniv/src/DATA/studentdata.java</file>
            <file>file:/C:/Users/Happy/Documents/NetBeansProjects/staffuniv/src/DATA/degreedata.java</file>
            <file>file:/C:/Users/Happy/Documents/NetBeansProjects/staffuniv/src/staffuniv/printdegree.java</file>
            <file>file:/C:/Users/Happy/Documents/NetBeansProjects/staffuniv/src/staffuniv/updatedegree.java</file>
            <file>file:/C:/Users/Happy/Documents/NetBeansProjects/staffuniv/src/staffuniv/firstsclog.java</file>
        </group>
    </open-files>
</project-private>
